uuid,inat_id,timestamp,date,lon,lat,elevation,tavg,tmin,tmax,precipitation,windspeed,winddirection,presure,species,location,num_identification_agreements,olc
15d339da-240e-4031-be06-02a878802139,391960215,2026-07-30 17:48:55-06:00,2026-07-30,-106.3831358997,35.8920048,2795.0,,20.6,32.9,4.3,4.4,,,Pleurotus populinus,"Los Alamos County, NM, USA",1,
10776d3a-f843-42c3-bcdc-395f1ab9a46a,387715316,2026-07-03 14:00:32-06:00,2026-07-03,-106.5686259327,39.5710477699,2571.0,,7.2,30.0,0.5,4.9,,,Pleurotus populinus,"East Lake Creek Trail, Edwards, CO, US",1,
618ad636-618b-41d2-9f91-c84237e189f6,387658545,2026-08-02 14:19:17-06:00,2026-08-02,-105.3815083333,39.4987616667,2523.0,,21.1,37.2,0.0,8.8,,,Pleurotus populinus,"Davis Ponds Loops Trail, Pine, CO, US",1,
922af2ac-bf01-46c3-8387-c8773d3d95d4,387643136,2026-08-02 07:27:24-06:00,2026-08-02,-105.6016217185,39.954577507,2764.0,,8.0,18.0,0.0,12.0,,,Pleurotus populinus,"Boulder County, US-CO, US",1,
32e7ed5b-e70b-4382-a357-1700e376acbd,387554914,2026-08-01 19:43:06-06:00,2026-08-01,-105.868598938,39.5941696167,3150.0,,7.0,15.0,0.0,8.4,,,Pleurotus populinus,"Summit County, US-CO, US",1,
05f88664-75a9-47a1-9b44-34997bcb1c87,387550274,2026-08-01 18:40:55-06:00,2026-08-01,-105.4888301141,39.6233255163,2533.0,,7.0,15.0,0.0,8.4,,,Pleurotus populinus,"Colorado, US",1,
a81eacdf-9bed-4058-9a71-84205e5999be,387340970,2026-08-01 12:13:55-06:00,2026-08-01,-104.93972509,38.73695346,2990.0,,17.4,29.6,0.0,5.3,,,Pleurotus populinus,"Teller County, US-CO, US",1,
ba4ef332-92b4-4dce-bc42-4b7f5d100f30,387262366,2026-08-01 10:51:40-06:00,2026-08-01,-105.4753282901,36.1390179761,2694.0,,8.7,24.1,2.7,3.2,,,Pleurotus populinus,"Taos County, US-NM, US",1,
1b7577cf-8e32-4330-8a1f-e8f47ac0664e,385726357,2026-07-27 11:13:58-06:00,2026-07-27,-107.7700622007,37.9191609681,3078.0,,12.0,24.0,7.0,4.5,,1019.3,Pleurotus populinus,Bridal Veil Falls,1,
af9ca4fc-d95a-46ad-aa82-8f6f551ef9c5,383124701,2026-07-19 14:46:42-06:00,2026-07-19,-107.8755434472,37.9149227336,2949.0,,11.0,23.7,0.4,5.8,,,Pleurotus populinus,"Grand Mesa Uncompahgre and Gunnison National Forests, Telluride, CO, US",1,
6bf5526e-e94b-4036-8e42-3881e7b4e43f,382825742,2026-07-18 11:04:11-06:00,2026-07-18,-105.4482777058,39.6779307955,2766.0,,4.8,13.0,0.5,10.8,,,Pleurotus populinus,"Clear Creek County, US-CO, US",1,
e3896eea-7ff5-4fb2-ba45-7f590048dc7c,381173002,2026-07-13 14:50:31-06:00,2026-07-13,-107.8765021302,37.9173858181,2951.0,,15.0,24.0,0.1,5.2,,,Pleurotus populinus,"Grand Mesa Uncompahgre and Gunnison National Forests, Telluride, CO, US",1,
17a136b5-979c-406e-ba72-78397347bda7,378510387,2026-07-05 10:43:04-06:00,2026-07-05,-106.7827383333,40.534645,2532.0,,6.8,31.4,0.0,2.1,,1014.7,Pleurotus populinus,"CR-38, Steamboat Springs, CO, US",1,
66ac779f-7bbd-437b-9b40-010b8045c3ba,373427496,2026-06-19 20:05:04-06:00,2026-06-19,-107.2397727147,39.1808171323,2194.0,,11.0,22.0,0.0,10.2,,,Pleurotus populinus,"Redstone Historic District, CO 81623, USA",1,
41c4e082-a2d0-4b9f-a33c-ef3426e83d94,372375443,2020-05-04 07:35:00-06:00,2020-05-04,-104.8142834756,39.0506184739,2181.0,,7.1,23.0,,24.3,,1012.0,Pleurotus populinus,"Gleneagle, CO 80921, USA",1,
cfa9f036-180a-42fd-b91a-bd0108e451e9,370197270,2026-06-09 09:33:12-06:00,2026-06-09,-105.1654971667,39.5785033333,1855.0,,13.9,31.7,0.0,8.4,,,Pleurotus populinus,"Willowleaf Dr, Littleton, CO, US",1,
605fa6a0-88bb-436f-8915-c229a4494ba5,369037155,2026-06-06 07:45:32-06:00,2026-06-06,-105.0849722222,40.3908527778,1511.0,,13.3,35.6,0.0,7.8,,1003.5,Pleurotus populinus,"9WQ7+PX, Loveland, CO 80537, USA",1,
cf609241-e9ed-4abd-899e-78f868b87435,368127485,2026-06-03 08:21:35-06:00,2026-06-03,-105.1170819347,40.5394466773,1567.0,,11.7,28.0,0.0,7.2,,,Pleurotus populinus,"Colorado, US",1,
6d71c60b-cb4d-45e1-bb58-0a344db5bbe2,363200588,2026-05-19 17:27:24-06:00,2026-05-19,-105.2075119019,39.7267456055,1849.0,,2.0,9.0,3.3,4.9,,,Pleurotus populinus,Golden,1,
ac5b8b57-914b-45c7-82b6-0ea402f37e58,350307252,2026-04-15 18:07:53-06:00,2026-04-15,-105.02115,39.8958366667,1646.0,,7.0,19.0,0.0,13.7,,1008.5,Pleurotus populinus,"Mushroom Pond Trail, Westminster, CO, US",1,
d0687a82-c0fe-46d5-aeec-3cf6d6828c75,349820114,2026-04-13 07:27:41-06:00,2026-04-13,-104.82643,38.8629883333,1863.0,,7.8,21.7,,9.7,,1005.2,Pleurotus populinus,"Monument Valley Park Loop, Colorado Springs, CO, US",1,
4ba2d35f-7028-4b8f-8173-cf51a43e5066,348331609,2026-04-03 14:37:11-06:00,2026-04-03,-105.026725,40.5611533333,1493.0,,2.8,13.0,0.0,12.6,,,Pleurotus populinus,"Sharp Point Dr, Fort Collins, CO, US",1,
31b2f687-9df8-4ebe-b875-01fc2599664f,345653329,2025-04-29 17:57:42-06:00,2025-04-29,-105.2470383333,39.75108,1756.0,,4.0,16.1,1.3,9.8,,1018.6,Pleurotus populinus,"Grant Terry Loop, Golden, CO, US",1,
d2fdb596-0393-4228-9caa-fdc6fef533a8,345109673,2026-03-25 10:07:36-06:00,2026-03-25,-105.073725,39.7858316667,1619.0,,13.7,31.0,0.0,15.7,,1015.8,Pleurotus populinus,"I-70 Corridor, Arvada, CO, USA",1,
7b046e2b-a8ca-4f7f-9f01-033eae9f0fe9,333665126,2022-05-19,2022-05-19,-105.0973192051,40.5944927826,1533.0,,5.6,30.0,0.0,16.5,,997.3,Pleurotus populinus,"Colorado, US",1,
32171a0a-af88-4256-9fd0-fb1935a832d1,326204377,2025-11-12 10:14:25-07:00,2025-11-12,-105.0299805556,39.8666416667,1689.0,,7.0,16.0,0.0,5.6,,1020.9,Pleurotus populinus,"East Central Westminster, Westminster, CO 80031, USA",1,
8a5520e6-ea7e-4c81-a3b4-18d0fddbb7cf,313962390,2025-09-14 13:33:44-06:00,2025-09-14,-107.825970836,37.6357921957,3019.0,,1.0,15.0,0.0,9.8,,1027.5,Pleurotus populinus,"Durango, CO 81301, USA",1,
3eed101d-f205-48cf-aa54-f8549c40cb87,312392806,2025-09-07 12:58:59-06:00,2025-09-07,-105.4769742397,37.7312529646,2895.0,,4.9,17.2,0.8,13.6,,1021.4,Pleurotus populinus,"Great Sand Dunes National Park, Alamosa County, US-CO, US",1,
8b6fc271-9026-42d7-a586-b467c0683d8e,310373493,2025-07-26 12:00:34-06:00,2025-07-26,-105.4526472597,40.4867216317,2347.0,,15.0,36.1,0.0,12.1,,1009.5,Pleurotus populinus,"Larimer County, US-CO, US",1,
24e666a3-223b-49bc-8ff7-62692d6ef49f,310341147,2025-08-30 13:33:50-06:00,2025-08-30,-105.3774265821,39.865696344,2659.0,,15.0,25.0,4.5,10.0,,1024.4,Pleurotus populinus,"Jefferson County, US-CO, US",1,
27b34eac-29f8-43d0-bc77-49bbe1930e64,310259118,2025-08-30 11:51:22-06:00,2025-08-30,-104.9237747192,38.8586349487,1967.0,,11.3,19.3,2.1,11.1,,1019.1,Pleurotus populinus,Manitou Springs,1,
a909f53c-6fe1-4b72-bcef-8ae7ad3cff3e,309169552,2021-07-11 14:21:32-06:00,2021-07-11,-108.1975166667,37.6951533333,3016.0,,13.0,26.0,0.0,6.0,,1032.2,Pleurotus populinus,"Stoner Mesa Trail, Dolores, CO, US",1,
fded80ef-2fa8-4480-b594-1e43ec6e80e3,307872782,2025-08-20 14:23:13-06:00,2025-08-20,-105.8057238476,35.7915182274,3135.0,,14.4,31.1,0.0,16.2,,1017.5,Pleurotus populinus,"Winsor Trail, Tererro, NM, US",1,
17b5bab7-2182-43cb-b936-f72030fef09a,307199762,2025-08-17 16:39:32-06:00,2025-08-17,-107.9027166667,37.8200133333,3169.0,,8.0,23.0,0.1,9.2,,1031.8,Pleurotus populinus,"Lizard Head Trail, Telluride, CO, US",3,
c0f02e14-475c-4b48-9bd1-c091918747dd,305372485,2025-08-10 13:09:02-06:00,2025-08-10,-106.7013383333,39.5285133333,2624.0,,12.8,27.8,0.0,13.0,,1014.1,Pleurotus populinus,"Sylvan Lake State Park-Colorado, Eagle, CO, US",1,
cfb1da4a-6fe6-4d59-8f4f-854437c3faca,305367216,2025-07-29 09:40:21-06:00,2025-07-29,-106.8873752544,38.8875266746,2861.0,,12.8,25.6,0.9,11.4,,1017.0,Pleurotus populinus,"Gunnison County, US-CO, US",1,
adce84c8-31ee-4fe2-bdf6-66564df2c6d6,304544865,2025-08-06 18:13:46-06:00,2025-08-06,-105.80301641,35.77670155,3084.0,,15.0,35.0,0.0,13.4,,1016.7,Pleurotus populinus,"Santa Fe County, US-NM, US",1,
3e6cee83-bfce-4d14-80a8-250d54532f59,302989923,2025-07-26 14:15:27-06:00,2025-07-26,-104.9778807,37.8731732997,2790.0,,15.0,34.0,0.0,11.5,,1011.2,Pleurotus populinus,"Rye, CO 81069, USA",1,
c6ca1684-5e2f-43c2-90ca-9192804f4e1d,302769543,2025-07-31 18:24:34-06:00,2025-07-31,-105.6499716667,40.3127533333,2920.0,,3.7,25.6,1.3,8.4,,1034.2,Pleurotus populinus,"Rocky Mountain National Park, Estes Park, CO, US",1,
eb67cd5a-f595-45a7-846d-bd7853aac89d,302239816,2025-07-29 18:35:34-06:00,2025-07-29,-107.8753855117,37.9158539803,2949.0,,13.0,22.0,1.3,5.2,,1035.6,Pleurotus populinus,"Grand Mesa Uncompahgre and Gunnison National Forests, Telluride, CO, US",1,
635c298e-6041-41cc-9626-4c93eecbfcbd,301380239,2025-07-26 13:03:41-06:00,2025-07-26,-105.0893611111,39.0326861111,2508.0,,11.9,31.6,0.0,11.0,,1011.0,Pleurotus populinus,"Woodland Park, CO 80863, USA",1,
22da963c-3d15-4046-a9d1-1398783e91d9,301096946,2025-07-25 12:18:56-06:00,2025-07-25,-106.9689333333,38.9296916667,2996.0,,7.8,27.2,0.0,7.3,,1013.7,Pleurotus populinus,"Washington Gulch Rd, Crested Butte, CO, US",1,
401f5a1d-2c1f-4529-9eca-1ee6592974a4,300739653,2025-07-22 12:01:00-06:00,2025-07-22,-105.7992694444,35.7987222222,3249.0,,15.6,29.4,4.1,16.0,,1010.6,Pleurotus populinus,"Santa Fe County, NM, USA",1,
250a2764-21bb-4172-9e2c-6810146c32e2,300112147,2025-07-22 06:25:47-06:00,2025-07-22,-107.04395472,40.25144875,2668.0,,13.1,28.9,0.0,14.3,,1018.7,Pleurotus populinus,"Oak Creek, CO 80467, USA",2,
92f8a888-799c-425f-91eb-b7452ec47c49,299957182,2025-07-20 06:43:00-06:00,2025-07-20,-105.0999410632,39.0176020723,2594.0,,13.1,30.4,0.0,15.0,,1011.9,Pleurotus populinus,"Woodland Park, CO, US",1,
144cf350-53ef-4ce1-b48f-fb204e38a526,299456111,2025-07-19 07:58:55-06:00,2025-07-19,-105.5381916667,40.1696033333,2774.0,,17.0,31.0,0.8,3.5,,1019.1,Pleurotus populinus,"Allenspark, CO, US",1,
05f81859-0023-4e92-a673-eb2481c77842,299382132,2025-07-19 11:00:38-06:00,2025-07-19,-104.8646900687,38.766207378,2629.0,,20.0,30.0,1.6,10.7,,1022.7,Pleurotus populinus,"Colorado, US",1,
4d2c0e19-a17e-476d-8479-33c154dcd919,299041533,2025-07-18 10:34:00-06:00,2025-07-18,-105.614761832,35.6536307428,2543.0,,12.2,27.8,0.0,14.1,,1015.4,Pleurotus populinus,"New Mexico, US",2,
51835c16-4e35-485c-bf6c-2a0631ff2c00,298298791,2025-07-15 13:42:52-06:00,2025-07-15,-105.1840833333,38.8774133333,2914.0,,21.0,33.0,0.0,6.6,,1019.8,Pleurotus populinus,"Rock Pond Trail, Divide, CO, US",1,
a494df29-a991-463f-a0fc-951f0b555778,298267768,2025-07-12 19:36:38-06:00,2025-07-12,-105.4899267107,40.6090518797,2882.0,,15.0,28.3,0.0,10.5,,1015.9,Pleurotus populinus,"Bellvue, CO 80512, USA",1,
e0061a62-6059-4be4-8efb-648fb59201bd,297490939,2025-07-12 19:40:19-06:00,2025-07-12,-105.2371854622,39.0382086815,2760.0,,7.0,22.0,2.3,5.2,,1019.9,Pleurotus populinus,"Colorado, US",1,
0c507217-636f-447c-8ff2-5906c8a55e54,297353252,2025-07-11 18:53:02-06:00,2025-07-11,-105.0758926922,38.7430505847,2921.0,,16.0,27.0,4.0,9.5,,1022.6,Pleurotus populinus,"Colorado, US",1,
0d2bab3d-ae2a-4acf-bed1-f28b9e32d301,294215769,2025-06-28 11:54:39-06:00,2025-06-28,-105.8431246891,35.7461180328,2763.0,,13.9,32.2,0.0,13.5,,1012.0,Pleurotus populinus,"Santa Fe, NM, US",2,
600fdc69-9175-4e73-b0d8-65a410f5c8d4,293227800,2025-06-27 13:27:39-06:00,2025-06-27,-108.0300166419,39.0088889286,3149.0,,15.0,37.5,0.0,10.3,,1018.8,Pleurotus populinus,"Mesa County, US-CO, US",1,
503e43fa-c443-4ca2-b5d5-99c4852cc9c8,285937095,2025-05-31 14:40:19-06:00,2025-05-31,-104.8464883333,39.6443883333,1703.0,,11.7,24.4,0.4,8.3,,1017.8,Pleurotus populinus,"S Parker Rd, Aurora, CO, US",2,
cfe4c7cd-ab62-469d-99a6-de7c1a60e4d1,285369112,2025-05-30 10:19:54-06:00,2025-05-30,-104.85917,39.760345,1614.0,,10.4,24.3,0.5,10.3,,1017.7,Pleurotus populinus,"Martin Luther King Jr Blvd, Denver, CO, US",1,
f00f6056-0d53-4e29-87b4-8f8fa9879806,285368999,2025-05-30 10:18:56-06:00,2025-05-30,-104.8591083333,39.760445,1614.0,,10.4,24.3,0.5,10.3,,1017.7,Pleurotus populinus,"Martin Luther King Jr Blvd, Denver, CO, US",1,
d3aa5f22-2bf1-4fad-a3ff-ba3afcf1127f,285368951,2025-05-30 10:19:32-06:00,2025-05-30,-104.8591995239,39.7577514648,1630.0,,10.4,24.3,0.5,10.3,,1017.7,Pleurotus populinus,Denver,1,
49a8b895-dac1-4c1b-9279-aba6144f5e2d,280360638,2025-05-11 15:32:02-06:00,2025-05-11,-105.0935171731,39.5478843804,1672.0,,10.0,26.7,1.1,17.7,,1014.3,Pleurotus populinus,"Chatfield Bluffs, Littleton, CO, USA",1,
30dba7df-5b4b-4256-b114-b4fcee81e0c3,279473940,2025-05-08 08:52:15-06:00,2025-05-08,-105.0489809223,40.6121086444,1515.0,,3.9,21.1,6.0,8.9,,1021.5,Pleurotus populinus,"Linden Lake Rd, Fort Collins, CO, US",1,
eb63bbdc-713d-47fa-93b6-8fab9836b877,276721804,2025-04-29 13:19:57-06:00,2025-04-29,-105.2470466667,39.7510866667,1756.0,,4.0,16.1,1.3,9.8,,1018.6,Pleurotus populinus,"Grant Terry Loop, Golden, CO, US",1,
139c43b0-c8df-4838-beaa-00502dcf65fe,276157069,2025-04-27 15:28:39-06:00,2025-04-27,-105.0754359511,39.5918854056,1689.0,,10.0,25.6,0.0,22.2,,1001.3,Pleurotus populinus,"S Reed Ct, Littleton, CO, US",2,
303b55e2-d249-4cee-b314-6ef4a6939729,274795777,2025-04-27 07:45:57-06:00,2025-04-27,-105.2427869663,39.7750766411,1861.0,,5.1,27.0,0.0,16.8,,1006.8,Pleurotus populinus,"Arvada, CO 80403, USA",1,
ddcd36b9-a3e5-4ff5-8830-93a7e3c2068c,269248788,2024-09-01 11:57:46-06:00,2024-09-01,-106.0906,40.0286361667,2624.0,,,,,7.5,,,Pleurotus populinus,"Parshall, CO, US",1,
75a45a0b-053d-47eb-8ff0-483aa9789c04,268666356,2024-07-20 18:58:03-06:00,2024-07-20,-105.8748771562,39.9610300568,2658.0,,5.5,24.8,0.7,6.0,,1033.1,Pleurotus populinus,"Colorado, US",1,
3ebbbacf-f160-490e-b2d4-bd81e5840bff,245630187,2024-10-04 14:41:11-06:00,2024-10-04,-107.8396598531,37.3891431859,2007.0,,3.9,28.3,0.0,6.0,,1020.3,Pleurotus populinus,"Dalton Ranch Golf Club, Durango, CO, US",1,
bb6f9d97-e9d3-48b8-b0c5-4c6d1a62802a,243851533,2024-09-23 10:25:14-06:00,2024-09-23,-107.8079133333,37.9129133333,2880.0,,3.0,17.0,0.3,5.3,,1027.3,Pleurotus populinus,"Grand Mesa Uncompahgre and Gunnison National Forests, Telluride, CO, US",1,
34bfb791-3b2f-4e0f-b479-d20e4f0dea48,243503319,2024-07-20 11:08:53-06:00,2024-07-20,-106.2198782472,35.940188584,2044.0,,17.1,27.0,,9.0,,1029.1,Pleurotus populinus,"New Mexico, US",1,
5f1a7302-cd65-4f0d-bd64-c7890b121144,243497376,2024-09-02 10:31:23-06:00,2024-09-02,-106.3209308605,35.8003036625,2120.0,,13.3,24.0,,10.9,,,Pleurotus populinus,"New Mexico, US",1,
28b39e99-4c5f-447d-8ef8-d8b749bd39e5,243497269,2024-09-12 18:23:35-06:00,2024-09-12,-106.3696569775,35.9108125187,2653.0,,15.0,27.0,,15.1,,1017.5,Pleurotus populinus,"New Mexico, US",1,
f196dd27-eb7f-435d-80c4-5255cf41c1d6,240681471,2024-09-08 10:57:57-06:00,2024-09-08,-110.8080203523,40.7814276638,3189.0,,,,,,,,Pleurotus populinus,"Utah, US",1,
06eaaf55-5d49-4093-99ab-99026b4434ab,240625490,2024-08-24 12:59:37-06:00,2024-08-24,-106.8470417602,36.0316453087,2855.0,,,,,,,,Pleurotus populinus,"Rio Arriba County, US-NM, US",2,
1b399fe4-ec62-43f7-a83c-c7cdf1354768,240625449,2024-07-20 18:04:43-06:00,2024-07-20,-106.23523,36.701705,3025.0,,,,,,,,Pleurotus populinus,"Rio Arriba County, US-NM, US",2,
7b407624-248f-4189-b159-1f704f914c80,240553012,2024-09-06 11:16:02-06:00,2024-09-06,-105.224045,36.5317466667,2505.0,,3.9,20.9,0.0,2.9,,1036.8,Pleurotus populinus,"Cimarron Canyon State Park, Ute Park, NM, US",1,
25e828f6-fd2b-4e04-bf06-4ca6ceda5a6c,240551016,2024-09-06 10:53:13-06:00,2024-09-06,-105.22422,36.5336833333,2488.0,,3.9,20.9,0.0,2.9,,1036.8,Pleurotus populinus,"Tolby Creek Trail, Ute Park, NM, US",1,
08049ae1-e604-489c-a30d-043867669cb0,239674127,2024-07-13 17:22:13-06:00,2024-07-13,-107.0098049704,40.1307008269,2750.0,,13.9,33.3,0.0,12.0,,1017.7,Pleurotus populinus,"Yampa, CO, US",3,
3a78e2a6-c68e-4f21-93da-741c5c75cf65,238054694,2024-08-25 14:26:47-06:00,2024-08-25,-106.98825,38.8696633333,2722.0,,8.9,22.2,,10.6,,1024.2,Pleurotus populinus,"Grand Mesa Uncompahgre and Gunnison National Forests, Crested Butte, CO, US",1,
5137c526-51a2-4e0f-bddc-046b67678feb,238002593,2024-08-25 14:00:24-06:00,2024-08-25,-106.3918758184,35.8947713857,2846.0,,13.2,26.7,,9.8,,1021.6,Pleurotus populinus,"Los Alamos County, NM, USA",2,
b1660f23-5453-4387-91dc-38ad49d0abb5,237570671,2024-08-23 17:47:39-06:00,2024-08-23,-105.5437778937,40.1985442314,2709.0,,16.0,29.0,0.6,4.9,,1018.3,Pleurotus populinus,"Colorado, US",1,
46fb29cf-0f99-498c-85aa-af37a356b9b1,237335016,2024-08-22 10:43:36-06:00,2024-08-22,-105.7535608054,39.4137014649,3062.0,,3.6,11.4,9.5,9.6,,1022.9,Pleurotus populinus,"Park County, US-CO, US",3,
00c99347-390c-40a4-a767-d46c5b494bc9,237048480,2024-08-19 12:51:08-06:00,2024-08-19,-105.0628194444,39.0903055556,2563.0,,13.2,30.4,,10.0,,1018.3,Pleurotus populinus,"Woodland Park, CO 80863, USA",1,
c29ea1f7-6d3c-40b8-9f6b-8815dcbeef13,236744974,2024-08-19 10:11:36-06:00,2024-08-19,-105.56302,40.3577716667,2388.0,,18.7,32.5,0.3,7.5,,1024.1,Pleurotus populinus,"Valhalla Driveway, Estes Park, CO, US",1,
6e423889-669f-43b5-9a79-b47c29c675e8,235956684,2024-08-15 11:34:13-06:00,2024-08-15,-107.875975295,37.9155360553,2949.0,,9.0,23.0,0.0,9.0,,1032.8,Pleurotus populinus,"Grand Mesa Uncompahgre and Gunnison National Forests, Telluride, CO, US",1,
a6a44521-f8b6-4252-b0e9-2a9f7fa9512a,235433976,2024-08-10 08:58:41-06:00,2024-08-10,-104.9441916667,38.7372972222,3031.0,,12.0,21.7,0.2,12.8,,1025.7,Pleurotus populinus,"Manitou Springs, CO 80829, USA",1,
e085b78c-319f-43a0-b485-b8c26d1db38c,235276484,2024-08-11 21:40:23-06:00,2024-08-11,-106.03188868,38.41931047,2908.0,,9.9,25.7,,18.1,,1028.1,Pleurotus populinus,"Saguache County, US-CO, US",2,
39754eb4-212f-4080-9c32-25fb1fa55126,234975126,2024-08-10 11:51:07-06:00,2024-08-10,-105.2917870997,39.8077675997,2290.0,,13.0,28.0,0.2,12.6,,1023.9,Pleurotus populinus,"Arvada, CO 80403, USA",1,
e7f408ed-01ec-4bc4-97ea-665197179da9,234443995,2024-08-07 13:16:55-06:00,2024-08-07,-106.6879116667,35.856105,2595.0,,18.1,31.4,,11.3,,1026.8,Pleurotus populinus,"Santa Fe National Forest, Jemez Springs, NM, US",1,
baa964fb-eea2-437f-97e6-eec0876875de,233971769,2024-08-04 09:17:00-06:00,2024-08-04,-108.1281752243,38.9393327296,3072.0,,21.4,34.8,0.0,9.5,,1013.3,Pleurotus populinus,"Mesa County, CO, USA",1,
9a457ba9-52c0-4f5a-84b5-68e0741cb595,233041963,2024-07-31 18:00:38-06:00,2024-07-31,-105.4366849,41.2516952,2631.0,,11.9,27.4,0.0,20.9,,1015.7,Pleurotus populinus,"Laramie, WY 82070, USA",1,
ccadca02-5d95-49ca-9ffd-ba4470dc67bf,232258631,2024-07-26 09:37:39-06:00,2024-07-26,-105.732605,40.0999945,2556.0,,10.0,23.9,6.1,5.7,,1028.5,Pleurotus populinus,"Continental Divide National Scenic Trail, Grand Lake, CO, US",1,
04177845-cad8-4e54-a052-db8a4a003b26,231051237,2024-07-21 12:31:08-06:00,2024-07-21,-106.5832127156,40.656409913,2687.0,,6.1,22.8,3.7,9.5,,1022.7,Pleurotus populinus,"Rainbow Lakes Trail, Walden, CO, US",1,
1941b4d3-29fd-4d2e-a813-1641a716089c,229817452,2024-07-16 16:38:45-06:00,2024-07-16,-107.5398633333,38.2468216667,2708.0,,16.7,31.7,0.0,12.1,,1014.4,Pleurotus populinus,"Grand Mesa Uncompahgre and Gunnison National Forests, Cimarron, CO, US",2,
f4610861-280d-429b-93e3-ac6f9062e5ea,229126939,2024-07-03 11:29:00-06:00,2024-07-03,-105.803604126,35.7968273688,3149.0,,14.4,29.4,0.0,10.6,,1011.9,Pleurotus populinus,"Santa Fe County, NM, USA",1,
77133a1e-1f23-40b3-a8e3-28431ee7fdb3,228925966,2024-07-09 13:01:07-06:00,2024-07-09,-104.9439888889,38.7372611111,3031.0,,16.0,29.0,0.0,11.3,,1024.3,Pleurotus populinus,"Manitou Springs, CO 80829, USA",1,
71494fcd-0430-4d95-9ca9-c28ddf6bd2c0,228548471,2024-07-10 12:07:11-06:00,2024-07-10,-104.9880528823,38.7355100205,3070.0,,19.0,30.0,0.0,11.3,,1025.5,Pleurotus populinus,"Eagle Rock, Saran Wrap Trail Head 93",1,
505e7a27-8c64-45a2-a564-2e50f893bbf9,228307155,2024-07-09 14:21:35-06:00,2024-07-09,-105.3259277344,36.3856201172,2849.0,,6.1,23.6,4.2,9.5,,1030.5,Pleurotus populinus,Angel Fire,1,
9dabaaab-1de9-44bf-949c-26bb52660c76,227639308,2024-06-27 09:33:02-06:00,2024-06-27,-106.6149601997,35.9198053,2766.0,,14.6,26.7,,13.7,,1023.0,Pleurotus populinus,"Jemez Springs, NM 87025, USA",1,
aca08329-45fe-4070-b1eb-8e4f3bfe814e,226350946,2024-06-30 12:19:38-06:00,2024-06-30,-106.419625,35.84977,2741.0,,14.1,26.6,,10.2,,1030.1,Pleurotus populinus,"Bandelier National Monument, Jemez Springs, NM, US",2,
32e1f66d-646f-4a2f-8c62-b413b6f38e58,226285215,2024-06-30 14:07:28-06:00,2024-06-30,-107.876392929,37.9135788046,2971.0,,15.0,21.0,4.9,8.5,,1033.7,Pleurotus populinus,"Grand Mesa Uncompahgre and Gunnison National Forests, Telluride, CO, US",1,
a8529080-f5d9-4a3a-a7ea-25b35ca12f3a,226021383,2024-06-29 11:57:42-06:00,2024-06-29,-105.0531928364,38.7415142028,3127.0,,15.0,25.0,16.5,22.4,,1027.0,Pleurotus populinus,"Pike and San Isabel National Forests, Victor, CO, US",1,
539eb5ef-b855-4f42-bcd6-beac4abbc2e0,226013509,2024-06-29 10:41:46-06:00,2024-06-29,-105.0136841,38.7346539997,2916.0,,15.0,25.0,16.5,22.4,,1027.0,Pleurotus populinus,"Manitou Springs, CO 80829, USA",3,
776d1840-0f12-4bc8-a64e-70ba0c011180,225218782,2024-06-25 14:40:42-06:00,2024-06-25,-105.0089017067,38.7483796745,3198.0,,18.4,33.0,0.0,13.2,,1019.5,Pleurotus populinus,"Colorado, US",2,
583bf84e-fe03-4e7d-9c80-31cd0cdfa9cb,223921205,2024-06-19 19:20:08-06:00,2024-06-19,-106.938845284,40.460066289,2108.0,,4.1,24.1,0.2,6.4,,1019.8,Pleurotus populinus,"Colorado, US",2,
b04b3194-4e70-4faf-8a3c-7423b28a3aac,223081787,2024-06-15 11:25:37-06:00,2024-06-15,-106.0270109833,38.5523752833,2185.0,,8.9,28.4,0.0,13.7,,1019.3,Pleurotus populinus,"Colorado, US",2,
b65a4b04-32fa-40f4-a765-05190b709c26,215813221,2023-08-07 14:19:11-06:00,2023-08-07,-104.9545666667,39.0580111667,2703.0,,9.3,25.0,,9.5,,1017.8,Pleurotus populinus,"Pike and San Isabel National Forests, Woodland Park, CO, US",1,
100f0583-3ca5-4db0-8bcb-5b9139e68289,214670690,2024-05-09 15:29:37-06:00,2024-05-09,-105.0603827319,39.5407819831,1668.0,,3.3,11.1,0.0,12.8,,1020.0,Pleurotus populinus,"Chatfield State Park, Littleton, CO, US",1,
b26eb37b-fbde-40a6-80d6-8e76452951bb,204771653,2024-03-31 11:45:01-06:00,2024-03-31,-105.0409240723,39.5646705627,1643.0,,0.0,18.3,0.0,11.0,,1001.9,Pleurotus populinus,Littleton,1,
e51c7213-05a5-44cd-8e4f-6b25e5631008,194448510,2023-12-20 08:55:03-07:00,2023-12-20,-105.2271748334,39.9246412825,1782.0,,6.0,15.0,0.0,8.1,,1017.6,Pleurotus populinus,"Louisville, CO 80027, USA",1,
a0780b0c-0ecd-4b58-8c23-1750fe03ef2a,194438483,2023-12-20 08:54:23-07:00,2023-12-20,-105.22787489,39.9245620896,1782.0,,6.0,15.0,0.0,8.1,,1017.6,Pleurotus populinus,"Boulder, CO 80303, USA",1,
9263bb48-b28f-4249-9727-9048100039c1,184822917,2023-09-07 09:52:00-06:00,2023-09-07,-106.4219888889,35.8479416667,2732.0,,19.5,30.0,0.0,16.4,,1026.6,Pleurotus populinus,"Sandoval County, NM, USA",1,
ed1eccf9-2350-4fcb-834a-136d11ca7fc8,183599513,2023-09-16 14:59:49-06:00,2023-09-16,-109.1954283333,38.4716,2929.0,,,,,,,,Pleurotus populinus,"La Sal, UT, US",1,
05462ce7-7b7e-41be-a112-98112e604621,181496235,2023-09-02 12:35:43-06:00,2023-09-02,-104.9872806997,39.0399656,2762.0,,14.9,32.0,0.0,10.5,,1013.4,Pleurotus populinus,"Colorado Springs, CO 80921, USA",1,
310764ec-98a7-411e-b1c6-3b35a4632352,179465496,2023-08-15 13:00:00-06:00,2023-08-15,-105.4517222222,36.5962722222,2868.0,,5.7,24.5,8.5,6.4,,1035.3,Pleurotus populinus,"Taos Ski Valley, NM 87525, USA",1,
6b3df62d-0cc6-491f-86a0-6631a9d53177,179382634,2023-08-17 18:57:41-06:00,2023-08-17,-109.2478716667,38.41357,3059.0,,,,,,,,Pleurotus populinus,"Manti-La Sal National Forest, La Sal, UT, US",1,
5f842789-d623-4db3-bbb0-7aa958679cfe,178774691,2023-08-14 21:11:27-06:00,2023-08-14,-105.0067493312,38.7538576514,3238.0,,13.0,22.0,0.6,13.5,,1031.9,Pleurotus populinus,"Teller County, US-CO, US",2,
2a6c892f-6ec8-49e9-aca7-aff2ef11b0a1,178479521,2023-08-06 14:34:59-06:00,2023-08-06,-104.8576723763,39.1002298182,2166.0,,10.5,17.6,,11.6,,1019.8,Pleurotus populinus,"Colorado, US",1,
8c6e3073-a6d0-4561-b3eb-99bacfe6aa77,178447436,2023-08-12 19:40:51-06:00,2023-08-12,-105.2405033333,39.465995,2253.0,,18.9,25.6,0.0,16.0,,1014.0,Pleurotus populinus,"Conifer, CO, US",2,
34f30dfb-63ec-4988-939e-6b57fb652f36,178445494,2023-08-14 15:22:42-06:00,2023-08-14,-107.9951783333,37.767505,2999.0,,13.0,21.0,1.9,4.6,,1035.3,Pleurotus populinus,"San Juan National Forest - Headquarters, Dolores, CO, US",2,
7bbad9db-baa2-428d-b5d8-db219d36b90a,178119239,2023-08-12 12:05:32-06:00,2023-08-12,-105.53807,40.0310971667,2936.0,,17.0,28.0,0.0,8.5,,1019.7,Pleurotus populinus,"County Road 116, Ward, CO, US",2,
17961d71-019c-4cbb-afcd-72efddf5bac6,176196917,2023-08-01 13:47:25-06:00,2023-08-01,-107.1420138333,38.5968966667,3148.0,,12.8,25.0,,9.0,,1020.6,Pleurotus populinus,"Grand Mesa Uncompahgre and Gunnison National Forests, Gunnison, CO, US",1,
03099b48-b54e-4cba-a647-c3277349a9fb,176003261,2023-07-31 14:54:01-06:00,2023-07-31,-105.5193013691,39.9826692428,2624.0,,16.0,31.0,1.8,7.3,,1022.7,Pleurotus populinus,"Caribou Ranch Open Space-Ce, Nederland, CO, US",1,
ec178c83-3ae5-4da3-94ff-e0771d238aab,173295068,2022-08-24 13:26:38-06:00,2022-08-24,-105.4626027122,36.5958805388,2832.0,,9.4,24.4,0.0,10.6,,1021.7,Pleurotus populinus,"Taos Ski Valley, NM 87525, USA",1,
640b3986-ead2-4771-a969-b49b88a12332,172738190,2023-07-13 12:04:11-06:00,2023-07-13,-109.24772,38.4137916667,3059.0,,,,,,,,Pleurotus populinus,"Manti-La Sal National Forest, La Sal, UT, US",1,
819a187a-ee7e-4fa2-89e7-65238ac01b08,160641334,2023-05-08 16:01:41-06:00,2023-05-08,-105.1306309722,39.772812,1663.0,,8.0,23.0,1.0,10.0,,1016.2,Pleurotus populinus,"Fruitdale, Wheat Ridge, CO 80033, USA",1,
733ff805-f0d0-4a29-aa82-8dbf31dabd99,157840606,2023-04-29 17:10:49-06:00,2023-04-29,-104.85665,39.7281883333,1652.0,,3.9,20.2,0.0,10.7,,1017.7,Pleurotus populinus,"Moline St, Aurora, CO, US",1,
eaa57e10-63ac-4a05-bbc5-72c575cefec1,157833317,2023-04-29 16:56:30-06:00,2023-04-29,-105.23711207,40.03990701,1619.0,,6.0,23.0,0.0,4.9,,1020.0,Pleurotus populinus,"Boulder, CO 80301, USA",1,
dcdaf6c6-7dd3-48ab-8b6e-00523492cf91,146635506,2022-09-04 15:30:00-06:00,2022-09-04,-107.7038957924,37.7454893229,3332.0,,10.0,25.0,0.0,7.2,,1033.8,Pleurotus populinus,"San Juan County, CO, USA",1,
2b8b840a-86b8-4b4b-8642-0cdb8dc2978a,135616556,2022-09-17 12:00:25-06:00,2022-09-17,-105.53831653,40.03116664,2936.0,,12.0,26.0,1.7,7.1,,1015.2,Pleurotus populinus,"Boulder County, US-CO, US",4,
68065cd9-2e95-47c6-9e47-12c2c290de3b,135458747,2022-09-17 17:57:51-06:00,2022-09-17,-104.9433053997,39.7650130997,1619.0,,12.5,25.3,0.4,10.5,,1009.5,Pleurotus populinus,"Bruce Randolph Ave & Jackson St, Denver, CO 80205, USA",1,
9cc29021-535b-4f1a-bc45-17870f01fb39,133792502,2021-06-28 17:12:03-06:00,2021-06-28,-104.8503452894,37.9002590815,1886.0,,,,,,,,Pleurotus populinus,"Colorado, US",2,
cce1f480-8bac-4764-9111-c7623b34e85d,133400521,2022-07-30 15:47:00-06:00,2022-07-30,-107.0921861111,39.2481583333,2807.0,,8.9,25.0,,8.4,,1017.6,Pleurotus populinus,"Pitkin County, CO, USA",1,
0d2adcb6-7575-4540-8215-cc486df81656,127890643,2022-07-22 16:32:27-06:00,2022-07-22,-106.7662666667,40.5294533333,2680.0,,9.8,31.7,0.0,5.2,,1023.4,Pleurotus populinus,"Medicine Bow-Routt National Forest & Thunder Basin National Grassland, Steamboat Springs, CO, US",1,
1bb7aa7b-497e-4c2d-b8e4-2fbc57fa82be,126497312,2022-07-15 19:07:56-06:00,2022-07-15,-105.4939112065,39.923839329,2607.0,,21.0,31.0,0.9,6.0,,1023.8,Pleurotus populinus,"Arapaho & Roosevelt National Forests Pawnee National Grassland, Black Hawk, CO, US",1,
2e7e2ebb-c012-4ea0-bc4b-402732909da8,125682315,2022-07-10 11:17:39-06:00,2022-07-10,-105.4359798568,39.8768439793,2843.0,,21.0,37.0,1.3,8.7,,1022.2,Pleurotus populinus,"Colorado, US",1,
c8eb25f0-b4c6-4a60-ab55-9ef75c646ceb,125666945,2022-07-09 13:04:37-06:00,2022-07-09,-105.4334716667,39.6490383333,2958.0,,2.0,17.3,0.2,6.7,,1025.9,Pleurotus populinus,"Evergreen, CO, US",1,
a5653c21-2016-4b12-9f21-6d68b5365f19,124819379,2022-07-03 14:00:00-06:00,2022-07-03,-106.7155383333,35.8643333333,2463.0,,14.0,25.3,4.8,6.8,,1025.7,Pleurotus populinus,"Santa Fe National Forest, Jemez Pueblo, NM, US",1,
243fd19f-5c0a-4919-9300-51f2d37e33dd,124016361,2022-06-07 16:16:01-06:00,2022-06-07,-104.7887866667,39.9279466667,1555.0,,11.7,27.8,0.0,14.4,,1011.1,Pleurotus populinus,"Buckley Rd, Brighton, CO, US",1,
0512065f-f67a-4ea1-bfb0-278c5a09b2de,123549280,2022-06-25 14:59:55-06:00,2022-06-25,-105.5082033333,40.405155,2582.0,,13.5,23.8,0.0,5.7,,1027.0,Pleurotus populinus,"Rocky Mountain National Park, Estes Park, CO, US",1,
13a23eb8-28d9-4dda-b086-08f36cb06ac2,123039397,2022-06-22 11:41:29-06:00,2022-06-22,-105.6622552872,39.6695525346,3047.0,,-4.6,11.0,0.0,6.0,,1024.0,Pleurotus populinus,"Evergreen, CO 80439, USA",1,
cf01865c-c873-492a-a971-be2e2d5bc6f5,122900969,2022-06-20 10:32:13-06:00,2022-06-20,-106.7089444444,39.11945,2884.0,,8.3,21.1,0.0,15.2,,1012.3,Pleurotus populinus,"Aspen, CO 81611, USA",1,
392a209a-c663-4228-b43e-38ecb11db703,121951458,2022-06-15 14:27:59-06:00,2022-06-15,-103.8403778674,43.996644986,1907.0,,5.6,20.0,0.0,18.4,,1009.5,Pleurotus populinus,"Black Hills National Forest, Hill City, SD, US",1,
f4d88972-75e6-4759-8695-45781e1500dd,117189852,2022-05-15 13:18:37-06:00,2022-05-15,-105.1467911001,39.5771898885,1834.0,,9.4,23.9,0.0,13.6,,1016.5,Pleurotus populinus,"W Ken Caryl Ave, Littleton, CO, US",1,
6daa1c5b-b7f9-4e8c-b211-81f8ab3a9e66,116961966,2022-05-14 06:33:42-06:00,2022-05-14,-104.93742064,39.62131399,1670.0,,10.0,26.1,0.0,7.7,,1014.2,Pleurotus populinus,"Greenwood Village, CO 80121, USA",1,
bae4cee0-f672-4d19-927a-9d67420e74cc,116236147,2022-05-01 15:10:20-06:00,2022-05-01,-105.088775,39.6646783333,1647.0,,1.1,17.2,0.6,17.8,,1011.5,Pleurotus populinus,"Bear Creek Greenbelt Park, Lakewood, CO, US",1,
bd354a4f-75f4-48b4-b2e3-b6b620d710d4,112059115,2022-04-19 09:56:00+00:00,2022-04-19,-104.9982560032,39.6713270005,1605.0,,4.9,25.3,,15.4,,1002.5,Pleurotus populinus,"South Platte, Denver, CO, USA",1,
542cdc87-a2fb-4201-8605-ad474bec79ee,88935845,2021-07-24 11:26:48-06:00,2021-07-24,-107.1540611667,38.8692583333,2893.0,,11.7,23.9,,9.2,,1021.3,Pleurotus populinus,"Grand Mesa National Forest, Somerset, CO, US",1,
2ad30feb-0d13-4e32-b5d3-db8fababc8d5,86484234,2021-07-07 13:21:00-07:00,2021-07-07,-106.64459,39.30298,2815.0,,11.1,29.4,0.0,10.2,,1013.0,Pleurotus populinus,"Pitkin County, CO, USA",1,
615edd67-0cb8-491a-a7d3-8268715e4518,86360616,2021-07-09 12:33:25-06:00,2021-07-09,-107.1327833333,39.2998277778,2774.0,,15.0,32.8,,11.1,,1013.0,Pleurotus populinus,"Basalt, CO 81621, USA",1,
1894eb4f-c910-4c3d-ba6a-a7d2e368a6fe,86088834,2021-07-06 19:03:34-06:00,2021-07-06,-105.2142549679,37.9651655611,2874.0,,,,,,,,Pleurotus populinus,"Gardner, CO 81040, USA",1,
90cff153-24e5-4eb8-afbe-2a732d8d82cc,83946847,2021-06-21 09:59:44-06:00,2021-06-21,-106.8293133333,40.469055,2056.0,,7.1,26.1,0.0,5.8,,1022.8,Pleurotus populinus,"Yampa River Botanic Park, Steamboat Springs, CO, US",1,
21415fd0-4866-4fa7-9999-851cd0562782,83898221,2021-06-20 16:28:59+00:00,2021-06-20,-107.6925379722,37.417687,2784.0,,13.3,31.7,0.0,12.1,,1007.5,Pleurotus populinus,"Durango, CO 81301, USA",1,
a84e2b7e-077f-42c8-a115-e731147a6e92,61528518,2019-08-03 16:38:00-06:00,2019-08-03,-105.7241444444,39.4505805556,2855.0,,,,,,,,Pleurotus populinus,"Park, Colorado, United States",2,
5faf7555-f1c0-41e9-9aa7-0a6f7073b6d7,56572513,2020-08-15 16:18:40-06:00,2020-08-15,-106.32663478,37.12038995,2634.0,,,,,,,,Pleurotus populinus,"Conejos County, US-CO, US",1,
92646f35-8f99-4874-ac2d-0ab096aadc17,46006159,2020-05-15 11:25:14-06:00,2020-05-15,-105.32306667,39.95268333,2089.0,,10.0,18.0,,,,,Pleurotus populinus,"Boulder, CO, US",1,
39f07e07-d5c0-448b-9c7d-2216122f7bd3,31445239,2019-08-24 15:48:14-06:00,2019-08-24,-107.87546562,37.91527535,2949.0,,10.0,25.0,,9.8,,,Pleurotus populinus,"San Miguel County, US-CO, US",2,
9164ddac-47f0-4863-ab50-17ed17f12175,31445110,2019-08-24 15:32:39-06:00,2019-08-24,-107.87541066,37.91530864,2949.0,,10.0,25.0,,9.8,,,Pleurotus populinus,"San Miguel County, US-CO, US",1,
4cc0ab04-066d-437c-bee7-ec60f30d6f16,31253721,2019-08-21 12:47:50-06:00,2019-08-21,-107.0259175077,38.9095796521,2731.0,,10.0,28.9,0.0,13.7,,1012.3,Pleurotus populinus,"Crested Butte, CO 81224, USA",2,
fa263afc-7795-4201-960c-910ae4db9717,31206592,2019-08-19 10:39:57-06:00,2019-08-19,-106.7913361174,37.2005177709,2515.0,,,,,,,,Pleurotus populinus,"Archuleta County, US-CO, US",1,
817e40bf-95ec-4b0a-b828-c8476a313ee4,30903136,2019-08-15 15:30:54-06:00,2019-08-15,-107.8300669883,37.9282834707,3242.0,,11.0,25.0,,9.3,,,Pleurotus populinus,"Telluride Ski Resort, Telluride, CO, US",1,
42407c27-ae97-4649-9b24-fc4d38a7def8,18666148,2018-05-22 13:49:00-06:00,2018-05-22,-105.2482896796,39.7307309258,2311.0,,11.0,24.0,,8.1,,,Pleurotus populinus,"Jefferson County, CO, USA",1,
0c50af63-436b-46ee-ac76-dfc18e8ba166,17320764,2018-10-05 13:50:18-06:00,2018-10-05,-107.87542,37.2672666667,1999.0,,2.8,17.2,0.0,7.3,,1014.5,Pleurotus populinus,"473 E 6th Ave, Durango, CO, US",1,
ec98c5ff-60e7-4a76-9ed4-5e620847cf85,16345869,2016-07-24,2016-07-24,-106.5055,35.7457,2465.0,,19.7,30.9,,10.0,,,Pleurotus populinus,"Santa Fe National Forest, Sandoval Co., New Mexico, USA",2,
b811e99c-300d-4a1f-9a84-3332a8e67fa4,15036666,2015-11-03 11:10:00-07:00,2015-11-03,-105.0284501902,39.5901087789,1635.0,,6.1,21.7,0.0,22.0,,1003.9,Pleurotus populinus,"Littleton, CO, USA",1,
39bb7447-a659-4575-8029-ee30b797d156,7001807,2016-08-19,2016-08-19,-107.4425,37.47905,2492.0,,8.3,25.6,0.5,7.1,,1014.6,Pleurotus populinus,"Pine River Trail, Weminuche Wilderness, Colorado, USA",1,
efce5d05-6b25-4790-805d-009d0a15f30e,6436424,2017-05-25 09:01:00-06:00,2017-05-25,-104.8418044,39.6286634,1704.0,,9.4,24.4,,17.6,,998.0,Pleurotus populinus,"4201 S Parker Rd, Aurora, CO 80014, USA",2,
5e12ad6c-f68b-4fa3-b0d1-e1f371587f12,1738710,2015-07-02,2015-07-02,-107.450752,37.475131,2484.0,,16.7,29.4,,8.1,,1013.8,Pleurotus populinus,"Hinsdale County, US-CO, US",1,
56211b55-404f-43cc-9406-59e04382472d,271870727,2025-04-20 15:11:48-07:00,2025-04-20,-122.3030616667,45.4902216667,27.0,,8.3,14.4,3.2,3.6,,1024.8,Pleurotus populinus,"Oxbow Regional Park, Gresham, OR, US",1,
0351e91d-ce99-40f4-8600-1b706fc4f002,207048149,2024-04-13 14:47:03-07:00,2024-04-13,-121.9615228774,45.3408306927,419.0,,8.9,19.4,0.0,6.2,,1011.0,Pleurotus populinus,"Welches, Mt Hood Village, OR 97067, USA",1,
8082f806-c551-4796-af7b-58d5c84ef50c,161033588,2023-05-10 17:35:52-07:00,2023-05-10,-122.2447109068,45.3961465823,220.0,,7.2,25.0,0.0,4.9,,1016.6,Pleurotus populinus,"SE Coalman Rd, Sandy, OR, US",1,
05e1a8a1-0c23-4200-9eac-b3958d91dc9c,162079287,2023-05-16 12:48:33-07:00,2023-05-16,-122.3529563472,45.5174378801,44.0,,15.6,28.3,0.0,4.0,,1018.1,Pleurotus populinus,Dabney State Recreation Area,1,84QVGJ8W+
1a3000f7-7162-4c9b-9018-537afc9018aa,349175740,2026-04-05 12:10:00-07:00,2026-04-05,-122.6292888889,45.5850527778,5.0,,8.9,26.1,0.0,4.3,,1018.4,Pleurotus populinus,"Northeast Portland, Portland, OR, USA",1,84QVH9PC+
fdfd7e37-0553-458b-aaf4-b8a1cb024ce6,344989637,2026-03-24 15:21:17-07:00,2026-03-24,-122.6642353408,45.704836211,44.0,,7.0,16.0,2.9,11.6,,1014.4,Pleurotus populinus,"Oregon, US",1,84QVP83P+
40042426-68c4-41c5-8a47-e37c3de87688,344989478,2026-03-24 15:24:44-07:00,2026-03-24,-122.6237020058,45.7248585693,68.0,,7.0,16.0,2.9,11.6,,1014.4,Pleurotus populinus,"Oregon, US",1,84QVP9FG+
ac94f5bd-c467-4852-9bc8-9c82e66e1697,319869019,2025-01-22 14:43:18-08:00,2025-01-22,-122.7318638889,45.6167361111,1.0,,-5.0,9.4,0.0,2.1,,1038.5,Pleurotus populinus,"J789+RQ Smith and Bybee Nature park, Portland, OR 97217, USA",1,84QVJ789+
2b87577e-fa05-4cd4-87a5-b812835234e4,243700882,2024-09-23 17:10:24-07:00,2024-09-23,-121.6376654821,44.5020563529,962.0,,10.0,27.0,0.0,8.2,,1021.0,Pleurotus populinus,"Oregon, US",2,84PWG926+
a551854a-2f18-4a84-8cb6-ed4aa467e8d6,158345425,2023-04-30 11:33:06-07:00,2023-04-30,-122.7621967345,45.6461963572,22.0,,10.0,17.8,0.0,7.5,,1014.2,Pleurotus populinus,Kelley Point Park,1,84QVJ6WQ+
86949beb-f1b5-491e-b4c4-9b7d6acf2c7f,155261448,2023-04-16 18:21:48-07:00,2023-04-16,-122.4428884348,45.478720775,246.0,,7.8,12.2,,10.7,,1016.6,Pleurotus populinus,"SW Binford Lake Pkwy, Gresham, OR, US",1,84QVFHH4+
7b14c990-c27e-435c-894e-65614aa6bead,142556643,2022-11-21 11:51:44-08:00,2022-11-21,-122.3920226367,45.5097329197,102.0,,2.8,7.2,0.0,35.1,,1025.4,Pleurotus populinus,"NE 17th St, Troutdale, OR, US",1,84QVGJ55+
9301003e-5422-4ea0-8d72-a46086e1306f,76655148,2021-05-01 12:31:22-07:00,2021-05-01,-122.8005257,45.5916855,263.0,,10.6,16.7,0.3,12.5,,1020.7,Pleurotus populinus,"Forest Park Conservancy, Portland, OR, US",1,84QVH5RX+
8b933e6b-2a52-40cb-ba1f-eb9b439bf79f,76326766,2021-05-01 14:58:52-07:00,2021-05-01,-122.6845742027,45.7109683835,44.0,,10.6,16.7,0.3,12.5,,1020.7,Pleurotus populinus,"NW 11th Ct, Vancouver, WA, US",1,84QVP868+
155d6935-a5d8-44b0-8ffe-7a0325061a5a,24649138,2019-05-05 11:05:06-10:00,2019-05-05,-122.76365,45.6476133333,15.0,,7.8,23.9,0.0,9.0,,1011.4,Pleurotus populinus,"Kelley Point Park, Portland, OR, US",1,84QVJ6XP+
46543e78-75ea-4de6-bce1-1a398416016e,19216667,2018-12-25 10:41:39-08:00,2018-12-25,-122.4090922996,45.5353443293,51.0,,-1.7,6.7,0.0,1.3,,1023.0,Pleurotus populinus,"2408 SW Halsey St, Troutdale, OR 97060, USA",1,84QVGHPR+
