uuid,inat_id,timestamp,date,lon,lat,elevation,tavg,tmin,tmax,precipitation,windspeed,winddirection,presure,species,location,num_identification_agreements
4ed11e6b-691d-47bf-97f2-672b5bc61b45,390999257,2026-08-11 15:52:18-06:00,2026-08-11,-106.6697166667,35.9564783333,2507.0,,16.4,30.9,0.8,7.4,,,Russula decolorans,"Rio Cebolla Trail, Jemez Springs, NM, US",1
258e69f9-7085-4733-bc22-3f5f4d16806d,387267783,2026-08-01 11:30:06-06:00,2026-08-01,-105.43889978,36.1100573129,2948.0,,8.7,24.1,2.7,3.2,,,Russula decolorans,"Taos County, US-NM, US",1
f4e40351-a4f4-410e-8e0b-9665b7a1f1ea,387267695,2026-08-01 11:24:47-06:00,2026-08-01,-105.4389235875,36.1101062041,2948.0,,8.7,24.1,2.7,3.2,,,Russula decolorans,"Taos County, US-NM, US",1
30059d1b-b341-46b5-8662-5ddfb6aedf31,386990975,2026-07-31 11:16:16-06:00,2026-07-31,-105.5157679315,36.1142052465,2945.0,,6.7,27.5,5.7,3.9,,,Russula decolorans,"Vadito, NM, US",1
e40552b5-1d9a-4eb9-afda-ef3877d43b5e,315317556,2025-09-20 12:12:18-06:00,2025-09-20,-105.3048083333,39.466045,2436.0,,11.0,25.0,1.2,8.5,,1021.1,Russula decolorans,"S Baird Rd, Conifer, CO, US",1
81760c08-32aa-4f86-93b1-a60bfa8576a7,315315400,2025-09-20 11:43:54-06:00,2025-09-20,-105.306105,39.46645,2436.0,,11.0,25.0,1.2,8.5,,1021.1,Russula decolorans,"S Baird Rd, Conifer, CO, US",1
c24e3eb9-f785-4891-a51f-669247ec7c9c,312047835,2025-09-06 12:56:29-06:00,2025-09-06,-105.03161945,39.18176849,2772.0,,8.0,22.0,0.0,13.7,,1023.9,Russula decolorans,"Douglas County, US-CO, US",1
4aeb3974-e9ba-4d3d-abd8-a5f009baba1b,309446967,2011-08-05 13:28:00-06:00,2011-08-05,-107.9144340966,40.0373249426,1904.0,,8.0,28.0,,6.9,,1014.8,Russula decolorans,"Main St, Meeker, CO, US",1
654c2e77-a62c-4aa6-80b7-cbd3fc677d71,307270689,2025-08-17 18:11:43-06:00,2025-08-17,-105.3368916667,39.3420633333,2242.0,,5.1,21.0,0.0,5.4,,1017.6,Russula decolorans,"Pike and San Isabel National Forests, Bailey, CO, US",1
05f3c5bb-53fb-4a03-83d5-1b9097a3a374,307007027,2025-08-16 13:00:31-06:00,2025-08-16,-105.6975722222,39.7440361111,2751.0,,3.0,9.0,7.4,8.5,,1021.8,Russula decolorans,"Empire, CO 80438, USA",1
686329f2-e124-4484-b829-332d5509d601,255635645,2024-09-04 11:53:42-06:00,2024-09-04,-105.0188111111,39.1733611111,2759.0,,14.0,25.9,,17.2,,1018.1,Russula decolorans,"Larkspur, CO 80118, USA",1
2955c643-55cd-429c-b9cb-0cd0f9747acf,244430751,2024-09-17 08:56:14-06:00,2024-09-17,-105.449098,39.6767299722,2808.0,,-1.8,10.0,4.6,16.1,,1012.4,Russula decolorans,"Clear Creek County, US-CO, US",1
5e8349cd-8552-43d0-84f3-ffb4f0a3af4b,243180034,2024-09-21 12:37:35-06:00,2024-09-21,-106.3939216667,35.893095,2902.0,,10.8,21.2,3.4,15.0,,1019.3,Russula decolorans,"Pajarito Mountain, Los Alamos, NM, US",1
72a25d28-c99c-46a1-beee-02d5f27026a7,241958069,2024-09-07 12:26:24-06:00,2024-09-07,-105.0486892462,39.1900450074,2749.0,,8.4,26.9,0.0,11.8,,1018.6,Russula decolorans,"Douglas County, US-CO, US",2
c4161cef-b0c4-4563-b803-91a5b77fbf83,241350503,2024-09-07 10:26:02-06:00,2024-09-07,-105.065011515,39.2192155893,2711.0,,8.4,26.9,0.0,11.8,,1018.6,Russula decolorans,"Douglas County, US-CO, US",1
e6eaa79a-d72a-48f1-bd8c-a7542febf601,240488853,2024-09-07 11:07:03-06:00,2024-09-07,-105.0126549453,39.3629938887,1908.0,,12.8,28.9,0.0,12.7,,1018.1,Russula decolorans,"Colorado, US",2
88038b10-7f7c-48a2-9ad3-a36643ab19fc,240469216,2024-09-07 11:58:13-06:00,2024-09-07,-105.0502491016,39.1910256716,2760.0,,8.4,26.9,0.0,11.8,,1018.6,Russula decolorans,"Douglas County, US-CO, US",1
f7333c89-adf1-46c2-9cb0-2b302b59a319,239332703,2024-09-01 14:56:48-06:00,2024-09-01,-105.1724825138,39.1370063204,2359.0,,9.5,27.0,,16.6,,1020.9,Russula decolorans,"Colorado, US",2
f7cce483-50b0-49a1-b8e2-769c9101bd09,235757073,2024-08-13 10:59:31-06:00,2024-08-13,-106.56803,35.87022,3324.0,,15.7,27.9,,7.4,,1026.0,Russula decolorans,"Valles Caldera National Preserve, Jemez Springs, NM, US",1
0888cf56-c527-4352-a88c-1b60fe977a5b,235528746,2024-08-13 07:56:45-06:00,2024-08-13,-107.8480559104,37.9575538519,2936.0,,10.0,18.0,15.2,7.5,,1031.3,Russula decolorans,"Colorado, US",1
84a08617-8f89-4f21-a16a-ece61bd1ecb8,233883358,2024-08-04 12:14:23-06:00,2024-08-04,-105.1169166098,38.0107324825,3355.0,,17.6,35.0,0.0,15.2,,1013.4,Russula decolorans,"Colorado, US",2
143777d4-b757-455f-953e-0620ace9f7cd,233846456,2024-08-04 12:55:00-06:00,2024-08-04,-106.5744666667,35.9162222222,2735.0,,18.0,31.7,0.0,6.8,,1025.8,Russula decolorans,"Sandoval County, NM, USA",1
22fc770a-9376-4603-a5a9-504218e798f2,232322446,2024-07-25 09:40:00-06:00,2024-07-25,-105.8099944444,35.7902833333,3147.0,,13.9,31.7,0.0,13.5,,1017.5,Russula decolorans,"Santa Fe County, NM, USA",1
b6b42e8e-ba28-44de-b7b1-c162e73dcddc,179185645,2023-08-19 11:04:13-06:00,2023-08-19,-105.5363044022,40.1143500455,2877.0,,20.0,33.0,0.5,7.4,,1021.1,Russula decolorans,"County Road 96, Ward, CO, US",1
887478e4-0926-4e83-b5b0-50737e57ede3,142763218,2022-08-22 15:39:46-06:00,2022-08-22,-105.50467,40.1366528333,2700.0,,15.0,29.0,2.0,3.3,,1022.4,Russula decolorans,"Forest Service Road 115, Lyons, CO, US",1
1cd400cf-116c-404c-ab5b-93c6233dcf9f,136387091,2022-09-04 12:30:48-06:00,2022-09-04,-106.3711567596,39.2423181731,2947.0,,1.1,24.4,0.0,9.4,,1019.6,Russula decolorans,Leadville,1
25e765fa-2351-4aac-a050-11995b3a4fd6,134226112,2022-09-08 15:47:34-06:00,2022-09-08,-105.8696618253,39.6973226984,3179.0,,3.6,16.6,2.9,7.2,,1017.6,Russula decolorans,"Colorado, US",2
c64cf359-1623-4c75-90af-6f705b5a0c39,132067890,2022-08-23 10:02:31-06:00,2022-08-23,-105.5678633333,40.0108861167,3058.0,,15.0,30.0,0.0,7.5,,1020.7,Russula decolorans,"Arapaho & Roosevelt National Forests Pawnee National Grassland, Nederland, CO, US",2
